A,A
A.D.,A.D.
ALABANDA,ALABANDA
ANKARD,ANKARD
ASHUR,ASHUR
Abydos,Abydos
Achna,Achna
Achna.,Achna.
Acquired,Acquired
Acropolis,Acropolis
Aegina,Aegina
Aegina.,Aegina.
African,African
Agrigento,Agrigento
Akhmim,Akhmim
Akropolis,Akropolis
Al,Al
Alexandria,Alexandria
Alinda,Alinda
Allegedly,Allegedly
Amphipolis,Amphipolis
Anaphlystos,Anaphlystos
Anavysos,Anavysos
Andrews,Andrews
Andrews.,Andrews.
Annie,Annie
Anopos,Anopos
Antioch,Antioch
Aphrodite,Aphrodite
Argive,Argive
Argolid,Argolid
Argolid.,Argolid.
Army,Army
Artemis,Artemis
Arthia,Arthia
Arthur,Arthur
Artmis,Artmis
Artremis,Artremis
Ashur,Ashur
Asia,Asia
Athena,Athena
Athens,Athens
Athens.,Athens.
Attic,Attic
Attica,Attica
Attica.,Attica.
August,August
BABYLON,BABYLON
BC,BC
Babylon,Babylon
Basra,Basra
Bassett,Bassett
Beni,Beni
Bletchley,Bletchley
Boeotia,Boeotia
Boeotian,Boeotian
Bought,Bought
British,British
Canosa,Canosa
Carthage,Carthage
Cast,Cast
Central,Central
Cerveteri,Cerveteri
Cf.,Cf.
Chalcis,Chalcis
Chalkioikos,Chalkioikos
Chemistry,Chemistry
Chios,Chios
Clement,Clement
Collection,Collection
Collection.,Collection.
Copies,Copies
Copy,Copy
Corinth,Corinth
Corinth.,Corinth.
Corsiae,Corsiae
Cortona,Cortona
Crete,Crete
Crete.,Crete.
Crimea,Crimea
Cumae,Cumae
Cyclades,Cyclades
Cyprus,Cyprus
Cyrene,Cyrene
Daphnae,Daphnae
Dean,Dean
Deir-el-Bahri,Deir-el-Bahri
Dendereh,Dendereh
Diospolis,Diospolis
Egypt,Egypt
Egypt.,Egypt.
Egyptian,Egyptian
Electrum.,Electrum.
Eleusis,Eleusis
Elis,Elis
Elisnc+d,Elisnc+d
Enclosed,Enclosed
Enkomi,Enkomi
Ephesus,Ephesus
Eretria,Eretria
Esna,Esna
Etruria,Etruria
Evans,Evans
Faculty,Faculty
Findspit,Findspit
Findspot,Findspot
Found,Found
From,From
GORDION,GORDION
Gela,Gela
Glyphada,Glyphada
Gordion,Gordion
Graufesenque,Graufesenque
Grave,Grave
Greece,Greece
Greek,Greek
Grom,Grom
Gurab,Gurab
Gurob,Gurob
H.B.,H.B.
Halicarnassus,Halicarnassus
Hassan,Hassan
Helicon,Helicon
Henry,Henry
Heraeum,Heraeum
Heraion,Heraion
Hierakonpolis,Hierakonpolis
Hill,Hill
Histria,Histria
Hu,Hu
IASOS,IASOS
II.,II.
In,In
Ionia,Ionia
Ionic,Ionic
Islands.,Islands.
Italian,Italian
Italy.,Italy.
JHS,JHS
K12,K12
Kabeirion,Kabeirion
Kamelarga,Kamelarga
Keratia,Keratia
Khorsiai,Khorsiai
Knidos,Knidos
Knossos,Knossos
Kolonna.,Kolonna.
Kom,Kom
Kopinth,Kopinth
La,La
Larissa,Larissa
Larnaca,Larnaca
Lepcis,Lepcis
Lianokladi,Lianokladi
Lipari,Lipari
Liverpool,Liverpool
Lord,Lord
Lydia,Lydia
MN,MN
MN2,MN2
Macedonia,Macedonia
Made,Made
Maeandrum,Maeandrum
Magna,Magna
Magnesia,Magnesia
Marion,Marion
Martin,Martin
Medum,Medum
Memphis,Memphis
Metapontum,Metapontum
Meydoum,Meydoum
Meydum,Meydum
Mikas,Mikas
Mina,Mina
Minor,Minor
Mint,Mint
Mount,Mount
Mueum,Mueum
Musem,Musem
Museum,Museum
Museum.,Museum.
Mycenae,Mycenae
N,N
NIMROD,NIMROD
NULL,NULL
Naucratis,Naucratis
Naukratis,Naukratis
Nicks,Nicks
Nine,Nine
Nola,Nola
North,North
Officials,Officials
Olynthos,Olynthos
Orthia,Orthia
Orvieto,Orvieto
Oxford.,Oxford.
P.,P.
P.N,P.N
P.N.,P.N.
Paestum,Paestum
Palaikastro,Palaikastro
Paphos,Paphos
Paris,Paris
Paris.,Paris.
Paros,Paros
Parva,Parva
Patara,Patara
Persian,Persian
Perugia,Perugia
Perugia.,Perugia.
Petits,Petits
Phanes,Phanes
Pheneosncde+f,Pheneosncde+f
Phocaea,Phocaea
Photo,Photo
Phototographed,Phototographed
Picked,Picked
Platt,Platt
Poli,Poli
Polis,Polis
Polis.,Polis.
Pompeii,Pompeii
Pompeii.,Pompeii.
Populonia,Populonia
Possiable,Possiable
Possible,Possible
Possibly,Possibly
Presumably,Presumably
Priene,Priene
Probably,Probably
Professor,Professor
Ptah,Ptah
Purchased,Purchased
Qurneh,Qurneh
Ratisbon,Ratisbon
Reading,Reading
Recovered,Recovered
Rhitsona,Rhitsona
Rhodes,Rhodes
River,River
Romania,Romania
Rome,Rome
Rome.,Rome.
Round",Round"
Rue,Rue
Ruvo,Ruvo
Said,Said
Salamis,Salamis
Samothrace,Samothrace
Sanctuary,Sanctuary
Sardis,Sardis
School,School
School.,School.
Science,Science
See,See
Sesklo,Sesklo
Siad,Siad
Sicily,Sicily
Silver.,Silver.
Slope,Slope
Smyrna,Smyrna
Spain,Spain
Sparta,Sparta
Sparta-,Sparta-
Sparta.,Sparta.
Spartan,Spartan
Spink,Spink
Stubbings,Stubbings
Syracuse,Syracuse
Syracuse.,Syracuse.
Syracusene+f,Syracusene+f
T.146.II.,T.146.II.
T.75.I,T.75.I
T.75.II,T.75.II
T.75.II.,T.75.II.
Tamassos,Tamassos
Tanagra,Tanagra
Tarentum,Tarentum
Temple,Temple
Teos,Teos
Thames,Thames
Thasos,Thasos
The,The
Theban,Theban
Thebes,Thebes
Thebes.,Thebes.
Thessaly,Thessaly
This,This
Thought,Thought
Thpught,Thpught
Tiryns,Tiryns
Tomb,Tomb
Tsangli,Tsangli
Tsani,Tsani
Tunisia,Tunisia
URUK,URUK
University,University
Unknown,Unknown
Unkown,Unkown
Ure,Ure
Ure.,Ure.
Ushim,Ushim
WW,WW
WWII.,WWII.
War,War
World,World
Zoan,Zoan
